<keymap version="1" name="Default copy" parent="Mac OS X 10.5+">
  <action id="$Redo">
    <keyboard-shortcut first-keystroke="shift meta z" />
    <keyboard-shortcut first-keystroke="shift alt back_space" />
    <keyboard-shortcut first-keystroke="meta y" />
  </action>
  <action id="CodeCompletion">
    <keyboard-shortcut first-keystroke="ctrl space" />
    <keyboard-shortcut first-keystroke="shift space" />
  </action>
  <action id="Editor Redo">
    <keyboard-shortcut first-keystroke="meta y" />
  </action>
  <action id="QuickImplementations">
    <keyboard-shortcut first-keystroke="alt space" />
  </action>
  <action id="SmartTypeCompletion">
    <keyboard-shortcut first-keystroke="shift ctrl space" />
    <keyboard-shortcut first-keystroke="shift back_quote" />
  </action>
  <action id="SplitVertically">
    <keyboard-shortcut first-keystroke="meta alt s" />
  </action>
  <action id="SwitchApply">
    <keyboard-shortcut first-keystroke="ctrl alt enter" />
  </action>
  <action id="SwitchDown">
    <keyboard-shortcut first-keystroke="ctrl alt down" />
  </action>
  <action id="SwitchLeft">
    <keyboard-shortcut first-keystroke="ctrl alt left" />
  </action>
  <action id="SwitchRight">
    <keyboard-shortcut first-keystroke="ctrl alt right" />
  </action>
  <action id="SwitchUp">
    <keyboard-shortcut first-keystroke="ctrl alt up" />
  </action>
  <action id="Unsplit">
    <keyboard-shortcut first-keystroke="meta alt w" />
  </action>
</keymap>