<application>
  <component name="FileTypeManager" version="18">
    <extensionMap>
      <mapping pattern=".env.development" type="PLAIN_TEXT" />
      <mapping pattern=".env" type="PLAIN_TEXT" />
      <mapping pattern="remove-cache-if-exists-by-address" type="PLAIN_TEXT" />
      <mapping ext="json2" type="PLAIN_TEXT" />
      <mapping ext="files-output-example" type="PLAIN_TEXT" />
      <mapping ext="keystore" type="PLAIN_TEXT" />
      <mapping ext="gradle2" type="PLAIN_TEXT" />
      <mapping ext="local" type="PLAIN_TEXT" />
      <mapping ext="jks" type="PLAIN_TEXT" />
      <mapping ext="swift2" type="PLAIN_TEXT" />
      <mapping ext="normal" type="PLAIN_TEXT" />
      <mapping ext="file-output-example" type="PLAIN_TEXT" />
    </extensionMap>
  </component>
</application>