<application>
  <component name="UISettings">
    <option name="CLOSE_NON_MODIFIED_FILES_FIRST" value="true" />
    <option name="EDITOR_AA_TYPE" value="Greyscale" />
    <option name="EDITOR_TAB_LIMIT" value="8" />
    <option name="EDITOR_TAB_PLACEMENT" value="0" />
    <option name="IDE_AA_TYPE" value="Greyscale" />
    <option name="REUSE_NOT_MODIFIED_TABS" value="true" />
    <option name="SHOW_NAVIGATION_BAR" value="false" />
    <option name="SHOW_STATUS_BAR" value="false" />
  </component>
</application>