<application>
  <component name="WebServers">
    <option name="servers">
      <webServer id="164d3d76-e8ff-4af4-84f0-c356eb507bfa" name="radiser" url="http://radiser.loc">
        <fileTransfer port="0" accessType="LOCAL" />
      </webServer>
      <webServer id="d036a530-6eb4-4bb4-a6d7-5c0fd984d32e" name="wfresidency" url="http://wfresidency.loc/">
        <fileTransfer port="0" accessType="LOCAL" />
      </webServer>
      <webServer id="75a88ea7-1f38-44f2-858d-0fad3d670de7" name="affiliates.loc" url="http://affiliates.loc/">
        <fileTransfer port="0" accessType="LOCAL" />
      </webServer>
      <webServer id="4fa208b1-4eb2-44fe-b3cd-5fb55872bed0" name="urlrefer.loc/" url="http://urlrefer.loc/">
        <fileTransfer port="0" accessType="LOCAL" />
      </webServer>
      <webServer id="cffbe997-37ac-4e8c-be7f-e4d910aa8ce2" name="www.nerdblock-local.com" url="http://www.nerdblock-local.com">
        <fileTransfer port="0" accessType="LOCAL" />
      </webServer>
      <webServer id="1217d16e-e9c9-4774-b0e1-3e0537e54c7e" name="localhost" url="http://localhost">
        <fileTransfer port="0" accessType="LOCAL" />
      </webServer>
    </option>
  </component>
</application>