<application>
  <component name="FileTypeManager" version="17">
    <extensionMap>
      <mapping pattern=".huskyrc" type="JSON" />
      <mapping ext="example" type="JSON" />
      <mapping pattern="test" type="JavaScript" />
      <mapping pattern=".env.production" type="PLAIN_TEXT" />
      <mapping pattern=".env.development" type="PLAIN_TEXT" />
      <mapping ext="lock-new" type="PLAIN_TEXT" />
      <mapping ext="json-prod" type="PLAIN_TEXT" />
      <removed_mapping pattern="remove-cache-if-exists-by-address" approved="true" type="PLAIN_TEXT" />
      <removed_mapping pattern="mysql-records-creating-test.js" approved="true" type="PLAIN_TEXT" />
    </extensionMap>
  </component>
</application>