<application>
  <component name="FileTypeManager" version="18">
    <extensionMap>
      <mapping pattern="apple-app-site-association1" type="AUTO_DETECTED" />
      <mapping pattern="apple-app-site-association" type="AUTO_DETECTED" />
      <mapping pattern=".env.vagrant" type="PLAIN_TEXT" />
      <mapping pattern=".env" type="PLAIN_TEXT" />
      <mapping pattern=".env.development" type="PLAIN_TEXT" />
      <mapping pattern=".env.db" type="PLAIN_TEXT" />
      <mapping pattern=".env.local_staging" type="PLAIN_TEXT" />
      <mapping pattern=".env.production" type="PLAIN_TEXT" />
      <mapping pattern="remove-cache-if-exists-by-address" type="PLAIN_TEXT" />
      <mapping pattern=".env.docker" type="PLAIN_TEXT" />
      <mapping ext="json2" type="PLAIN_TEXT" />
      <mapping ext="files-output-example" type="PLAIN_TEXT" />
      <mapping ext="keystore" type="PLAIN_TEXT" />
      <mapping ext="tinyspec" type="PLAIN_TEXT" />
      <mapping ext="gradle2" type="PLAIN_TEXT" />
      <mapping ext="log" type="PLAIN_TEXT" />
      <mapping ext="local" type="PLAIN_TEXT" />
      <mapping ext="jks" type="PLAIN_TEXT" />
      <mapping ext="swift2" type="PLAIN_TEXT" />
      <mapping ext="ts2" type="PLAIN_TEXT" />
      <mapping ext="normal" type="PLAIN_TEXT" />
      <mapping ext="file-output-example" type="PLAIN_TEXT" />
      <removed_mapping ext="ignore" approved="true" type="IgnoreLang file" />
      <removed_mapping pattern=".env" approved="true" type=".env file" />
    </extensionMap>
  </component>
</application>