<application>
  <component name="FindSettings">
    <option name="customScope" value="All Places" />
    <option name="defaultScopeName" value="All Places" />
    <option name="fromCursor" value="false" />
    <option name="FIND_ORIGIN" value="entire_scope" />
    <option name="SEARCH_SCOPE" value="All Places" />
    <option name="FILE_MASK" value="*.ts, *tsx" />
    <mask>*.properties</mask>
    <mask>*.jsp</mask>
    <mask>*.java</mask>
    <mask>*.as</mask>
    <mask>*.mxml</mask>
    <mask>*.md</mask>
    <mask>*.js</mask>
    <mask>*.css</mask>
    <mask>*.html</mask>
    <mask>*.xml</mask>
    <mask>*.php4</mask>
    <mask>*.phtml</mask>
    <mask>*.php5</mask>
    <mask>*.ctp</mask>
    <mask>*.hphp</mask>
    <mask>*.module</mask>
    <mask>*.inc</mask>
    <mask>*.php</mask>
    <mask>*.ts</mask>
    <mask>*test.tsx</mask>
    <mask>*.ts, *tsx</mask>
  </component>
</application>